<Customization level="1" description="Recyling Module" product-version="23.207">
    <File AppRelativePath="Bin\AcuCycle.dll" />
    <File AppRelativePath="Bin\AcuCycle.pdb" />
    <File AppRelativePath="Pages\AC\AC100000.aspx" />
    <File AppRelativePath="Pages\AC\AC100000.aspx.cs" />
    <File AppRelativePath="Pages\AC\AC300010.aspx" />
    <File AppRelativePath="Pages\AC\AC300010.aspx.cs" />
    <File AppRelativePath="Pages\AC\AC301000.aspx" />
    <File AppRelativePath="Pages\AC\AC301000.aspx.cs" />
    <SiteMapNode>
        <data-set>
            <relations format-version="3" relations-version="20190730" main-table="SiteMap">
                <link from="MUIScreen (NodeID)" to="SiteMap (NodeID)" />
                <link from="MUIWorkspace (WorkspaceID)" to="MUIScreen (WorkspaceID)" type="FromMaster" linkname="workspaceToScreen" split-location="yes" updateable="True" />
                <link from="MUISubcategory (SubcategoryID)" to="MUIScreen (SubcategoryID)" type="FromMaster" updateable="True" />
                <link from="MUITile (ScreenID)" to="SiteMap (ScreenID)" />
                <link from="MUIWorkspace (WorkspaceID)" to="MUITile (WorkspaceID)" type="FromMaster" linkname="workspaceToTile" split-location="yes" updateable="True" />
                <link from="MUIArea (AreaID)" to="MUIWorkspace (AreaID)" type="FromMaster" updateable="True" />
                <link from="MUIPinnedScreen (NodeID, WorkspaceID)" to="MUIScreen (NodeID, WorkspaceID)" type="WeakIfEmpty" isEmpty="Username" />
                <link from="MUIFavoriteWorkspace (WorkspaceID)" to="MUIWorkspace (WorkspaceID)" type="WeakIfEmpty" isEmpty="Username" />
            </relations>
            <layout>
                <table name="SiteMap">
                    <table name="MUIScreen" uplink="(NodeID) = (NodeID)">
                        <table name="MUIPinnedScreen" uplink="(NodeID, WorkspaceID) = (NodeID, WorkspaceID)" />
                    </table>
                    <table name="MUITile" uplink="(ScreenID) = (ScreenID)" />
                </table>
                <table name="MUIWorkspace">
                    <table name="MUIFavoriteWorkspace" uplink="(WorkspaceID) = (WorkspaceID)" />
                </table>
                <table name="MUISubcategory" />
                <table name="MUIArea" />
            </layout>
            <data>
                <SiteMap>
                    <row Position="21518" Title="Recycling Wizard" Url="~/Pages/AC/AC300010.aspx" ScreenID="AC300010" NodeID="b398314b-7885-4ef3-a2f0-084e192dcff1" ParentID="00000000-0000-0000-0000-000000000000" SelectedUI="E">
                        <MUIScreen IsPortal="0" WorkspaceID="be5264cb-7ddd-4343-b76d-1f4f2feb1301" Order="10" SubcategoryID="32130442-2305-4394-9389-cf915b191d2a" />
                    </row>
                </SiteMap>
                <MUIWorkspace>
                    <row IsPortal="0" WorkspaceID="be5264cb-7ddd-4343-b76d-1f4f2feb1301" Order="875" Title="Recyling" Icon="refresh" AreaID="62cfd5dc-8eb9-4e92-bbcd-e0a99eb5e5df" IsSystem="0" />
                </MUIWorkspace>
                <MUISubcategory>
                    <row IsPortal="0" SubcategoryID="32130442-2305-4394-9389-cf915b191d2a" Order="820" Name="Processes" Icon="" IsSystem="0" />
                </MUISubcategory>
                <MUIArea>
                    <row IsPortal="0" AreaID="62cfd5dc-8eb9-4e92-bbcd-e0a99eb5e5df" Order="20" Name="Operations" />
                </MUIArea>
            </data>
        </data-set>
    </SiteMapNode>
    <SiteMapNode>
        <data-set>
            <relations format-version="3" relations-version="20190730" main-table="SiteMap">
                <link from="MUIScreen (NodeID)" to="SiteMap (NodeID)" />
                <link from="MUIWorkspace (WorkspaceID)" to="MUIScreen (WorkspaceID)" type="FromMaster" linkname="workspaceToScreen" split-location="yes" updateable="True" />
                <link from="MUISubcategory (SubcategoryID)" to="MUIScreen (SubcategoryID)" type="FromMaster" updateable="True" />
                <link from="MUITile (ScreenID)" to="SiteMap (ScreenID)" />
                <link from="MUIWorkspace (WorkspaceID)" to="MUITile (WorkspaceID)" type="FromMaster" linkname="workspaceToTile" split-location="yes" updateable="True" />
                <link from="MUIArea (AreaID)" to="MUIWorkspace (AreaID)" type="FromMaster" updateable="True" />
                <link from="MUIPinnedScreen (NodeID, WorkspaceID)" to="MUIScreen (NodeID, WorkspaceID)" type="WeakIfEmpty" isEmpty="Username" />
                <link from="MUIFavoriteWorkspace (WorkspaceID)" to="MUIWorkspace (WorkspaceID)" type="WeakIfEmpty" isEmpty="Username" />
            </relations>
            <layout>
                <table name="SiteMap">
                    <table name="MUIScreen" uplink="(NodeID) = (NodeID)">
                        <table name="MUIPinnedScreen" uplink="(NodeID, WorkspaceID) = (NodeID, WorkspaceID)" />
                    </table>
                    <table name="MUITile" uplink="(ScreenID) = (ScreenID)" />
                </table>
                <table name="MUIWorkspace">
                    <table name="MUIFavoriteWorkspace" uplink="(WorkspaceID) = (WorkspaceID)" />
                </table>
                <table name="MUISubcategory" />
                <table name="MUIArea" />
            </layout>
            <data>
                <SiteMap>
                    <row Position="21519" Title="Recycle Entry" Url="~/Pages/AC/AC301000.aspx" ScreenID="AC301000" NodeID="bd7e324a-5e1f-48e0-a50e-0ab9a5328ff4" ParentID="00000000-0000-0000-0000-000000000000" SelectedUI="E">
                        <MUIScreen IsPortal="0" WorkspaceID="be5264cb-7ddd-4343-b76d-1f4f2feb1301" Order="10" SubcategoryID="6d40b0b6-18f4-4139-adac-8ec8cb2a17ea" />
                    </row>
                </SiteMap>
                <MUIWorkspace>
                    <row IsPortal="0" WorkspaceID="be5264cb-7ddd-4343-b76d-1f4f2feb1301" Order="875" Title="Recyling" Icon="refresh" AreaID="62cfd5dc-8eb9-4e92-bbcd-e0a99eb5e5df" IsSystem="0" />
                </MUIWorkspace>
                <MUISubcategory>
                    <row IsPortal="0" SubcategoryID="6d40b0b6-18f4-4139-adac-8ec8cb2a17ea" Order="128" Name="Profiles" Icon="" IsSystem="0" />
                </MUISubcategory>
                <MUIArea>
                    <row IsPortal="0" AreaID="62cfd5dc-8eb9-4e92-bbcd-e0a99eb5e5df" Order="20" Name="Operations" />
                </MUIArea>
            </data>
        </data-set>
    </SiteMapNode>
    <SiteMapNode>
        <data-set>
            <relations format-version="3" relations-version="20190730" main-table="SiteMap">
                <link from="MUIScreen (NodeID)" to="SiteMap (NodeID)" />
                <link from="MUIWorkspace (WorkspaceID)" to="MUIScreen (WorkspaceID)" type="FromMaster" linkname="workspaceToScreen" split-location="yes" updateable="True" />
                <link from="MUISubcategory (SubcategoryID)" to="MUIScreen (SubcategoryID)" type="FromMaster" updateable="True" />
                <link from="MUITile (ScreenID)" to="SiteMap (ScreenID)" />
                <link from="MUIWorkspace (WorkspaceID)" to="MUITile (WorkspaceID)" type="FromMaster" linkname="workspaceToTile" split-location="yes" updateable="True" />
                <link from="MUIArea (AreaID)" to="MUIWorkspace (AreaID)" type="FromMaster" updateable="True" />
                <link from="MUIPinnedScreen (NodeID, WorkspaceID)" to="MUIScreen (NodeID, WorkspaceID)" type="WeakIfEmpty" isEmpty="Username" />
                <link from="MUIFavoriteWorkspace (WorkspaceID)" to="MUIWorkspace (WorkspaceID)" type="WeakIfEmpty" isEmpty="Username" />
            </relations>
            <layout>
                <table name="SiteMap">
                    <table name="MUIScreen" uplink="(NodeID) = (NodeID)">
                        <table name="MUIPinnedScreen" uplink="(NodeID, WorkspaceID) = (NodeID, WorkspaceID)" />
                    </table>
                    <table name="MUITile" uplink="(ScreenID) = (ScreenID)" />
                </table>
                <table name="MUIWorkspace">
                    <table name="MUIFavoriteWorkspace" uplink="(WorkspaceID) = (WorkspaceID)" />
                </table>
                <table name="MUISubcategory" />
                <table name="MUIArea" />
            </layout>
            <data>
                <SiteMap>
                    <row Position="21517" Title="Recycling Preferences" Url="~/Pages/AC/AC100000.aspx" ScreenID="AC100000" NodeID="bfe6dbc5-c7a3-451d-b254-fcbe764d0f43" ParentID="00000000-0000-0000-0000-000000000000" SelectedUI="E">
                        <MUIScreen IsPortal="0" WorkspaceID="be5264cb-7ddd-4343-b76d-1f4f2feb1301" Order="10" SubcategoryID="8a93637d-b507-4667-a739-adaf6fb5f7ea" />
                    </row>
                </SiteMap>
                <MUIWorkspace>
                    <row IsPortal="0" WorkspaceID="be5264cb-7ddd-4343-b76d-1f4f2feb1301" Order="875" Title="Recyling" Icon="refresh" AreaID="62cfd5dc-8eb9-4e92-bbcd-e0a99eb5e5df" IsSystem="0" />
                </MUIWorkspace>
                <MUISubcategory>
                    <row IsPortal="0" SubcategoryID="8a93637d-b507-4667-a739-adaf6fb5f7ea" Order="1391.813" Name="Preferences" Icon="" IsSystem="0" />
                </MUISubcategory>
                <MUIArea>
                    <row IsPortal="0" AreaID="62cfd5dc-8eb9-4e92-bbcd-e0a99eb5e5df" Order="20" Name="Operations" />
                </MUIArea>
            </data>
        </data-set>
    </SiteMapNode>
    <Sql TableName="ACRecycleDetails" TableSchemaXml="#CDATA">
        <CDATA name="TableSchemaXml"><![CDATA[<table name="ACRecycleDetails">
  <col name="CompanyID" type="Int" default="Zero" />
  <col name="DocType" type="NVarChar(5)" />
  <col name="RefNbr" type="NVarChar(15)" />
  <col name="LineNbr" type="Int" />
  <col name="LineType" type="NVarChar(5)" nullable="true" />
  <col name="InventoryID" type="Int" nullable="true" />
  <col name="SiteID" type="Int" nullable="true" />
  <col name="LocationID" type="Int" nullable="true" />
  <col name="Qty" type="Decimal(25,6)" nullable="true" />
  <col name="AssemblyDocType" type="NVarChar(5)" nullable="true" />
  <col name="AssemblyRefNbr" type="NVarChar(15)" nullable="true" />
  <col name="INDocType" type="NVarChar(5)" nullable="true" />
  <col name="INRefNbr" type="NVarChar(15)" nullable="true" />
  <col name="tstamp" type="Timestamp" />
  <col name="CreatedByID" type="UniqueIdentifier" />
  <col name="CreatedByScreenID" type="Char(8)" />
  <col name="CreatedDateTime" type="DateTime" />
  <col name="LastModifiedByID" type="UniqueIdentifier" />
  <col name="LastModifiedByScreenID" type="Char(8)" />
  <col name="LastModifiedDateTime" type="DateTime" />
  <col name="NoteID" type="UniqueIdentifier" />
  <index name="PK_ACRecycleDetails" clustered="true" primary="true" unique="true">
    <col name="CompanyID" />
    <col name="DocType" />
    <col name="RefNbr" />
    <col name="LineNbr" />
  </index>
</table>]]></CDATA>
    </Sql>
    <Sql TableName="ACRecycleHeader" TableSchemaXml="#CDATA">
        <CDATA name="TableSchemaXml"><![CDATA[<table name="ACRecycleHeader">
  <col name="CompanyID" type="Int" default="Zero" />
  <col name="DocType" type="NVarChar(5)" />
  <col name="RefNbr" type="NVarChar(15)" />
  <col name="Desc" type="NVarChar(255)" nullable="true" />
  <col name="Behavior" type="Char(2)" nullable="true" />
  <col name="LineCntr" type="Int" />
  <col name="tstamp" type="Timestamp" />
  <col name="CreatedByID" type="UniqueIdentifier" />
  <col name="CreatedByScreenID" type="Char(8)" />
  <col name="CreatedDateTime" type="DateTime" />
  <col name="LastModifiedByID" type="UniqueIdentifier" />
  <col name="LastModifiedByScreenID" type="Char(8)" />
  <col name="LastModifiedDateTime" type="DateTime" />
  <col name="NoteID" type="UniqueIdentifier" />
  <index name="PK_ACRecycleHeader" clustered="true" primary="true" unique="true">
    <col name="CompanyID" />
    <col name="DocType" />
    <col name="RefNbr" />
  </index>
</table>]]></CDATA>
    </Sql>
    <Sql TableName="ACRecycleSetup" TableSchemaXml="#CDATA">
        <CDATA name="TableSchemaXml"><![CDATA[<table name="ACRecycleSetup">
  <col name="CompanyID" type="Int" default="Zero" />
  <col name="RefNumberingID" type="NVarChar(10)" />
  <col name="SiteID" type="Int" />
  <col name="tstamp" type="Timestamp" />
  <col name="CreatedByID" type="UniqueIdentifier" />
  <col name="CreatedByScreenID" type="Char(8)" />
  <col name="CreatedDateTime" type="DateTime" />
  <col name="LastModifiedByID" type="UniqueIdentifier" />
  <col name="LastModifiedByScreenID" type="Char(8)" />
  <col name="LastModifiedDateTime" type="DateTime" />
  <col name="NoteID" type="UniqueIdentifier" />
  <index name="ACRecycleSetup_NoteID" unique="true">
    <col name="NoteID" />
    <col name="CompanyID" />
  </index>
  <index name="PK_ACRecycleSetup" clustered="true" primary="true" unique="true">
    <col name="CompanyID" />
  </index>
</table>]]></CDATA>
    </Sql>
</Customization>